file,entropy,equal,ahp,critic,entropy_rank,equal_rank,ahp_rank,critic_rank
0_00_0.csv,1.0,1.0,1.0,1.0,2.5,2.5,2.5,2.5
0_01_10_2025-06-09-01-11-06.512662.csv,0.9400234673221273,0.9114583333333334,0.945558463402707,0.9191376997682601,101.0,101.0,101.0,101.0
0_06_40_2025-06-09-06-42-40.268269.csv,1.0,1.0,1.0,1.0,2.5,2.5,2.5,2.5
0_06_55_2025-06-09-06-58-00.951563.csv,0.9853108620676945,0.9846938775510204,0.9870192449035072,0.9842899731403385,56.0,48.0,56.0,51.0
0_07_10_2025-06-09-07-11-07.053740.csv,0.9830330594073489,0.976890756302521,0.9849278824272997,0.9783061163492061,71.0,71.0,66.0,72.0
0_07_20_2025-06-09-07-21-41.773182.csv,0.9837447769878302,0.9787234042553192,0.9854154974487519,0.9799200815909644,64.0,69.0,64.0,67.0
0_07_20_2025-06-09-07-22-52.336689.csv,0.9765889044186872,0.962962962962963,0.9791289505514068,0.9667011193511555,83.0,93.0,84.0,92.0
0_09_45_2025-06-09-09-46-25.050366.csv,0.9907757943074129,0.9896907216494846,0.9913120019592337,0.9898278742190272,36.0,31.0,35.0,31.0
0_13_45_2025-06-09-13-46-08.925180.csv,0.9969995273068254,0.995253164556962,0.9973250711940885,0.9957322637143095,13.0,18.0,13.0,16.0
0_15_20_2025-06-09-15-21-06.594384.csv,0.9735276439136024,0.9722222222222222,0.9766036472121807,0.9715613866159767,88.0,82.5,88.0,86.0
0_17_40_2025-06-09-17-41-29.717071.csv,0.9832599847106047,0.9786821705426357,0.9851508893337365,0.9795648272280746,66.0,70.0,65.0,69.0
0_17_40_2025-06-09-17-41-59.701656.csv,0.9541214815235105,0.956140350877193,0.9586183091402822,0.9537647526444039,100.0,96.0,100.0,98.0
0_18_05_2025-06-09-18-07-29.469546.csv,0.9839703288523107,0.9804347826086957,0.9857932512313741,0.9809860660972263,62.0,62.0,62.0,63.0
0_20_10_2025-06-09-20-11-26.333113.csv,0.9777496153801722,0.9702970297029703,0.9802431859670528,0.9719443349961274,81.0,85.0,81.0,84.0
0_20_20_2025-06-09-20-21-19.196979.csv,0.9923515284900797,0.9900990099009901,0.993213152278132,0.9905580701915575,29.0,29.0,27.0,30.0
1_02_05_2025-06-10-02-06-19.598244.csv,0.9918961592218533,0.9871794871794872,0.9927754059601024,0.9884734643907847,31.0,39.0,30.0,36.0
1_06_10_2025-06-10-06-11-53.053030.csv,0.9908196391947882,0.9869281045751634,0.9918366669606491,0.9878908190315588,35.0,41.0,34.0,39.0
1_06_50_2025-06-10-06-52-47.138612.csv,0.9909052196489808,0.9909638554216867,0.9919693334828036,0.9905610530191942,34.0,27.0,33.0,29.0
1_07_25_2025-06-10-07-28-17.467823.csv,0.9863103689634614,0.9836309523809524,0.9878720919003295,0.9839839141624269,52.0,49.0,51.0,52.0
1_07_50_2025-06-10-07-53-49.486530.csv,0.9819726533597052,0.9832589285714286,0.9840328876150455,0.9821136795872939,73.0,53.0,73.0,56.0
1_08_15_2025-06-10-08-16-09.017125.csv,0.9866395262100072,0.9867256637168142,0.9882027376827026,0.9861339362936835,51.0,42.0,50.0,47.0
1_09_30_2025-06-10-09-31-38.061798.csv,0.9721473792151657,0.9766666666666667,0.9754689322663659,0.9739289594320646,92.0,72.0,91.0,81.0
1_11_45_2025-06-10-11-46-10.069174.csv,0.983068761231372,0.9732142857142857,0.9849057588809281,0.9759177738164607,69.0,79.0,68.0,77.0
1_12_55_2025-06-10-12-56-07.830389.csv,0.9824416783140154,0.9722222222222222,0.984346712913555,0.9750258395133666,72.0,82.5,71.0,79.0
1_14_00_2025-06-10-14-01-23.954704.csv,0.9925026874258891,0.9909420289855072,0.992616476094338,0.9913771028833199,27.0,28.0,32.0,27.0
1_14_10_2025-06-10-14-11-54.009229.csv,0.9776099204000124,0.9698275862068966,0.9792345186398272,0.9718324833219566,82.0,87.0,82.0,85.0
1_14_25_2025-06-10-14-26-26.717487.csv,0.9858226443250218,0.9799465240641712,0.9873951854210515,0.9813869415403033,55.0,64.0,55.0,59.0
1_14_55_2025-06-10-14-56-26.191786.csv,0.99423341184579,0.9951690821256038,0.9949211039888957,0.9946022690335538,24.0,19.0,24.0,23.0
1_15_45_2025-06-10-15-46-17.359472.csv,0.9918061165465405,0.987037037037037,0.9926951326929924,0.9883453917729045,32.0,40.0,31.0,37.0
1_15_50_2025-06-10-15-51-15.459097.csv,0.9667316010160292,0.9473684210526316,0.9703411402572623,0.9526805380253264,96.0,100.0,97.0,99.0
1_16_15_2025-06-10-16-16-17.488680.csv,0.9871315709943167,0.9888888888888889,0.9877954146522523,0.9880501460136216,50.0,33.0,52.0,38.0
1_16_55_2025-06-10-16-56-08.138056.csv,0.9841568356639093,0.9817073170731708,0.9859736498212239,0.9818900304986228,61.0,59.0,61.0,58.0
1_17_30_2025-06-10-17-31-08.619240.csv,0.9923536341044906,0.9879032258064516,0.9931832459462256,0.9891241559171113,28.0,37.0,28.0,33.0
1_18_40_2025-06-10-18-42-32.044490.csv,0.9831140798889684,0.9810606060606061,0.9841728479374143,0.9813807959655607,67.0,61.0,72.0,60.0
1_20_40_2025-06-10-20-41-19.669766.csv,0.9850919910213338,0.9764150943396227,0.9867094732284901,0.9787955241151226,57.0,73.0,57.0,70.0
1_23_35_2025-06-10-23-36-37.885489.csv,0.9666640488873596,0.9696969696969697,0.9706051731989644,0.9672438316778249,97.0,88.0,96.0,91.0
1_23_55_2025-06-10-23-56-26.294375.csv,0.983068761231372,0.9732142857142857,0.9849057588809281,0.9759177738164607,69.0,79.0,68.0,77.0
2_04_35_2025-06-11-04-36-17.806170.csv,0.9986478598452484,0.9984615384615385,0.998757807838915,0.9985097152891161,7.0,7.0,7.0,7.0
2_06_00_2025-06-11-06-02-10.448688.csv,0.9877257435913074,0.9878048780487805,0.989161864700369,0.9872612585462295,48.0,38.0,47.0,44.0
2_06_20_2025-06-11-06-22-58.954145.csv,0.9887247909358058,0.9857954545454546,0.9899167290217615,0.9864112934525987,43.0,47.0,43.0,46.0
2_07_30_2025-06-11-07-31-10.193793.csv,0.9860110163126413,0.9796747967479675,0.9875548851823034,0.9812826050656025,53.0,68.0,54.0,62.0
2_07_40_2025-06-11-07-42-46.007949.csv,0.9583241122759767,0.9485981308411215,0.963055851993527,0.9502164513243865,99.0,99.0,99.0,100.0
2_07_45_2025-06-11-07-47-30.227505.csv,0.9733230770631567,0.9730392156862745,0.9764377606359356,0.9720157076459417,89.0,81.0,89.0,83.0
2_10_35_2025-06-11-10-36-25.388708.csv,0.9892708941319174,0.9861111111111112,0.9904795608346019,0.9867550706853793,42.0,46.0,42.0,45.0
2_15_15_2025-06-11-15-17-08.862495.csv,0.9848699568450558,0.976063829787234,0.9865115292127443,0.9784797127721564,58.0,74.0,58.0,71.0
2_16_05_2025-06-11-16-06-52.250823.csv,0.9973216119462057,0.9957627118644068,0.9976122104444406,0.9961903822986492,10.0,15.0,10.0,14.0
2_16_15_2025-06-11-16-17-35.867641.csv,0.9971191315242235,0.9961300309597524,0.997441637140289,0.9963516954952558,12.0,12.0,11.0,12.0
2_17_15_2025-06-11-17-16-10.828747.csv,0.974603141847058,0.9598214285714286,0.9773586383213921,0.9638766607246911,87.0,95.0,87.0,95.0
2_17_25_2025-06-11-17-27-52.599713.csv,0.9792990097040293,0.9738805970149254,0.981640840954637,0.9748880242249898,79.0,77.0,78.0,80.0
2_17_55_2025-06-11-17-56-15.427365.csv,0.9885101463355055,0.9834558823529412,0.989780371038245,0.9847244696135942,44.0,52.0,44.0,49.0
2_22_00_2025-06-11-22-01-10.093031.csv,0.9936472403950206,0.9899497487437185,0.9943364991446029,0.990964122839007,25.0,30.0,25.0,28.0
2_22_45_2025-06-11-22-46-21.289404.csv,0.9990918109472766,0.9985632183908046,0.9991903472196666,0.9987082330782776,6.0,6.0,6.0,6.0
3_05_40_2025-06-12-05-41-10.235344.csv,0.9893981130870574,0.9893867924528302,0.9905677548925381,0.9890068853426197,41.0,32.0,40.0,34.0
3_09_25_2025-06-12-09-27-07.013449.csv,0.9954548797181797,0.9956140350877193,0.9959237798706054,0.9954254048856823,21.0,16.0,21.0,18.0
3_11_00_2025-06-12-11-01-38.639937.csv,0.9963676436237636,0.9949152542372882,0.9967212515679164,0.9953104667506575,17.0,20.0,17.0,19.0
3_11_55_2025-06-12-11-56-17.431403.csv,1.0,1.0,1.0,1.0,2.5,2.5,2.5,2.5
3_13_45_2025-06-12-13-46-28.116047.csv,0.9883016207571348,0.9836065573770492,0.9890432601889214,0.9848998256133348,45.0,50.0,48.0,48.0
3_15_15_2025-06-12-15-16-49.604886.csv,0.9653562250428023,0.9558823529411765,0.9692694875516366,0.9577090274720046,98.0,97.0,98.0,96.0
3_17_05_2025-06-05-17-07-50.584002.csv,0.9706268823861542,0.9698492462311558,0.9734621553109556,0.9690948216824085,93.0,86.0,94.0,88.0
3_18_15_2025-06-05-18-16-34.657296.csv,0.9819242837943243,0.9797979797979798,0.9829750341423368,0.9800667434191037,74.0,67.0,74.0,66.0
3_18_35_2025-06-05-18-36-13.722297.csv,0.9805574787607574,0.9811827956989247,0.9828395321459219,0.9801484110072326,77.0,60.0,76.0,65.0
3_19_20_2025-06-05-19-21-52.409977.csv,0.9911868594452073,0.9929378531073447,0.9910883545273109,0.9922869341888533,33.0,24.0,38.0,26.0
3_19_40_2025-06-05-19-41-53.340626.csv,0.9731149219758575,0.9609375,0.9760820449597393,0.9640275066104548,90.0,94.0,90.0,94.0
3_21_10_2025-06-05-21-11-08.063490.csv,0.9761021528674289,0.9652777777777778,0.9787395955197682,0.9680244503204043,85.0,92.0,86.0,89.0
4_00_00_2025-06-06-00-01-58.713185.csv,0.9904201005997473,0.9884259259259259,0.9905654972316541,0.9889818536842422,37.0,35.0,41.0,35.0
4_06_25_2025-06-06-06-26-02.654643.csv,0.9962375024958604,0.9940476190476191,0.9966457241957618,0.9946483941814357,19.0,23.0,19.0,21.0
4_10_00_2025-06-06-10-02-02.391521.csv,0.9833701786045981,0.9820261437908496,0.9846273402559741,0.981981535941728,65.0,58.0,70.0,57.0
4_10_45_2025-06-06-10-46-03.970588.csv,0.983068761231372,0.9732142857142857,0.9849057588809281,0.9759177738164607,69.0,79.0,68.0,77.0
4_14_15_2025-06-06-14-16-23.556776.csv,0.9807365784745827,0.9756944444444444,0.9829157825550094,0.9766319114315877,75.0,76.0,75.0,75.0
4_15_35_2025-06-06-15-36-21.454897.csv,0.9673349952744792,0.9534883720930233,0.9709537219762633,0.9569138444611281,95.0,98.0,95.0,97.0
4_17_05_2025-06-06-17-07-35.933252.csv,0.9765224891799362,0.9680232558139535,0.9791443954517286,0.9699817191343665,84.0,90.0,83.0,87.0
4_21_10_2025-06-06-21-11-13.194483.csv,0.9901008455566402,0.9867021276595744,0.9912090297480142,0.987463804733698,39.0,43.0,36.0,42.0
4_21_15_2025-06-06-21-16-10.964723.csv,0.9921476376966268,0.9886934673366834,0.9930157309608106,0.9895604415449689,30.0,34.0,29.0,32.0
4_21_50_2025-06-06-21-51-26.582970.csv,0.9902144642219852,0.9863387978142077,0.9905829277711947,0.9875722292771133,38.0,45.0,39.0,40.0
5_04_50_2025-06-07-04-51-31.828995.csv,0.9971452492630755,0.99609375,0.9974176524884791,0.9963792347994489,11.0,13.0,12.0,11.0
5_06_30_2025-06-07-06-31-18.735091.csv,0.9944094005800029,0.9917417417417418,0.9949800939749108,0.9924707221307671,23.0,26.0,23.0,25.0
5_08_00_2025-06-07-08-01-52.696050.csv,0.996811774439685,0.99644128113879,0.9971266017626146,0.9964824108436636,14.0,10.0,14.0,10.0
5_08_00_2025-06-07-08-03-05.081065.csv,0.9928561504498303,0.9929022082018928,0.9936920001174072,0.99258581136208,26.0,25.0,26.0,24.0
5_08_25_2025-06-07-08-27-26.358383.csv,0.9847072682089811,0.9758064516129032,0.9863664918924512,0.9782483118342226,59.0,75.0,59.0,73.0
5_09_10_2025-06-07-09-11-57.917576.csv,0.9952801184069481,0.99453125,0.9957749470598876,0.994633406189989,22.0,22.0,22.0,22.0
5_09_25_2025-06-07-09-26-03.793643.csv,0.9789317067371713,0.972,0.981294607781744,0.9735164830342602,80.0,84.0,80.0,82.0
5_18_35_2025-06-07-18-37-53.320749.csv,0.9880379624961575,0.9835164835164836,0.989371090247641,0.9845805516548122,46.0,51.0,45.0,50.0
6_02_15_2025-06-08-02-16-04.500051.csv,1.0,1.0,1.0,1.0,2.5,2.5,2.5,2.5
6_06_10_2025-06-08-06-12-03.515831.csv,0.9963428493822877,0.9948805460750854,0.9966988710325438,0.9952784562847916,18.0,21.0,18.0,20.0
6_07_55_2025-06-08-07-56-04.696810.csv,0.9965565383939475,0.9959807073954984,0.9969507894260987,0.9960354743145778,16.0,14.0,16.0,15.0
6_08_15_2025-06-08-08-17-54.132577.csv,0.9838297177018923,0.9802631578947368,0.9856686306281406,0.9808192772033423,63.0,63.0,63.0,64.0
6_08_20_2025-06-08-08-22-37.913468.csv,0.9899944030357439,0.9865591397849462,0.9911145031861649,0.9873290069351356,40.0,44.0,37.0,43.0
6_08_30_2025-06-08-08-32-40.298799.csv,0.9879221316938465,0.988,0.9893352748651632,0.9874650784094898,47.0,36.0,46.0,41.0
6_11_25_2025-06-08-11-27-24.860584.csv,0.99938029452873,0.9990196078431373,0.9994475310440079,0.9991185590416483,5.0,5.0,5.0,5.0
6_13_20_2025-06-08-13-21-06.179644.csv,0.9759038994984797,0.9798136645962733,0.9787774702393139,0.9774451956044925,86.0,66.0,85.0,74.0
6_14_15_2025-06-08-14-16-39.365804.csv,0.9957497782226731,0.9955516014234876,0.9961912534758721,0.9954883447315156,20.0,17.0,20.0,17.0
6_14_20_2025-06-08-14-21-04.977474.csv,0.9805886088005118,0.9829192546583851,0.9827999486364937,0.9813767967164001,76.0,54.0,77.0,61.0
6_15_15_2025-06-08-15-17-04.448601.csv,0.9842604885464059,0.9827586206896552,0.9860788809533567,0.9826172406243692,60.0,55.0,60.0,55.0
6_15_20_2025-06-08-15-21-22.938252.csv,0.997385829271135,0.9965397923875433,0.997628125882669,0.9967685902429182,9.0,9.0,9.0,9.0
6_15_50_2025-06-08-15-51-27.107002.csv,0.9978194509289484,0.9972627737226277,0.9980124378243407,0.9974120073889893,8.0,8.0,8.0,8.0
6_16_15_2025-06-08-16-16-13.382747.csv,0.9721519092084973,0.9655172413793104,0.9753117261686957,0.9666456484849598,91.0,91.0,92.0,93.0
6_16_30_2025-06-08-16-31-34.590784.csv,0.9860039365233697,0.9825174825174825,0.9875898203344756,0.9831372738237855,54.0,56.0,53.0,54.0
6_16_45_2025-06-08-16-46-20.356756.csv,0.9872398048039716,0.98224043715847,0.9886593379305609,0.9834365735344051,49.0,57.0,49.0,53.0
6_17_50_2025-06-08-17-52-57.416055.csv,0.9702185994028026,0.96875,0.9736791031137033,0.9680065599429737,94.0,89.0,93.0,90.0
6_18_15_2025-06-08-18-17-11.172133.csv,0.9965936878197446,0.996268656716418,0.996987220504831,0.9962380595381098,15.0,11.0,15.0,13.0
6_20_45_2025-06-08-20-47-01.541482.csv,0.9804079257193851,0.9799107142857143,0.9815155555957147,0.9797520077638917,78.0,65.0,79.0,68.0
